{"value":{"0":6,"1":25,"2":4,"3":18,"4":9,"5":1,"6":8,"7":5,"8":20,"9":2},"most_common_language":{"0":"fr","1":"fr","2":"nl","3":"nl","4":"nl","5":"en","6":"nl","7":"nl","8":"nl","9":"en"},"ratios":{"0":{"fr":0.7619735756,"nl":0.0844343518,"qme":0.0815441784,"en":0.0422640943,"zxx":0.0051234892,"und":0.0045417011,"es":0.0044103296,"pt":0.0021957811,"ht":0.0016139929,"it":0.0014638541,"ca":0.0013324825,"in":0.0012386457,"de":0.0009196006,"da":0.0007131597,"et":0.000675625,"qam":0.0006380902,"tl":0.0006380902,"zh":0.0004879514,"tr":0.000469184,"ro":0.0003753472,"sv":0.0003565798,"ja":0.0003190451,"lt":0.0002815104,"no":0.000262743,"ar":0.0002439757,"fi":0.000206441,"pl":0.0001876736,"art":0.0001689062,"cs":0.0001313715,"cy":0.0001313715,"vi":0.0001126042,"eu":0.0001126042,"iw":0.0000750694,"sl":0.0000750694,"hi":0.0000750694,"lv":0.0000750694,"qht":0.0000375347,"hu":0.0000375347,"is":0.0000187674,"art-x-emoji":0.0000187674,"el":0.0000187674},"1":{"fr":0.8525709626,"qme":0.08808541,"en":0.0258115477,"und":0.0087907048,"es":0.0050451001,"qam":0.0025225501,"it":0.0024461092,"nl":0.0023187076,"zxx":0.0019619834,"pt":0.001758141,"ca":0.0016307394,"ht":0.0012740152,"in":0.0009427712,"de":0.0006879682,"et":0.0004586455,"eu":0.0004076849,"pl":0.0003567243,"ro":0.0003057636,"tr":0.0002802833,"sv":0.0002802833,"cy":0.0002293227,"tl":0.0002293227,"da":0.0002038424,"lv":0.0001783621,"ru":0.0001528818,"art":0.0001274015,"lt":0.0001274015,"cs":0.0001274015,"no":0.0001274015,"hu":0.0001274015,"ja":0.0001019212,"vi":0.0000509606,"uk":0.0000509606,"qht":0.0000509606,"sl":0.0000509606,"is":0.0000509606,"fi":0.0000254803,"hi":0.0000254803,"iw":0.0000254803},"2":{"nl":0.7855988463,"en":0.0884905144,"qme":0.0756358935,"fr":0.0149929138,"und":0.0058430095,"de":0.0046744076,"fa":0.0043263134,"es":0.0025112509,"ca":0.0019891096,"da":0.0015912877,"in":0.0014918322,"no":0.0012183296,"et":0.001143738,"qam":0.0011188742,"lt":0.0010194187,"zxx":0.0008950993,"tl":0.0008453716,"sv":0.00077078,"vi":0.0007210522,"pt":0.0006713245,"tr":0.0005967329,"ro":0.0005470051,"ht":0.0004972774,"it":0.0004226858,"eu":0.0003978219,"pl":0.0002735026,"cy":0.000198911,"cs":0.0001740471,"fi":0.0001491832,"art":0.0001491832,"hu":0.0001491832,"lv":0.0001491832,"is":0.0001491832,"hi":0.0001243194,"ar":0.0001243194,"qst":0.0001243194,"iw":0.0000745916,"sl":0.0000497277,"ru":0.0000248639,"art-x-emoji":0.0000248639,"el":0.0000248639,"zh":0.0000248639},"3":{"nl":0.8826206423,"qme":0.0646001488,"en":0.0213521095,"fr":0.0063254909,"und":0.0056671819,"de":0.0033201672,"zxx":0.0032343008,"es":0.0018318164,"da":0.0014597287,"in":0.0012021295,"et":0.0010303967,"no":0.0008586639,"ht":0.000658309,"sv":0.0006296869,"art":0.0005724426,"pt":0.0005438205,"lt":0.0004579541,"tl":0.0004007098,"ca":0.0004007098,"it":0.0003434656,"tr":0.0002862213,"qam":0.0002862213,"cy":0.0002575992,"ro":0.000228977,"fi":0.0002003549,"zh":0.0002003549,"eu":0.0001717328,"hi":0.0001717328,"is":0.0001431107,"pl":0.0001144885,"lv":0.0001144885,"cs":0.0001144885,"sl":0.0000858664,"qst":0.0000286221,"hu":0.0000286221,"art-x-emoji":0.0000286221,"ja":0.0000286221},"4":{"nl":0.8507896098,"qme":0.0659135208,"en":0.0389036955,"fr":0.017980031,"und":0.0060463821,"de":0.003500537,"es":0.0020287203,"et":0.001630932,"da":0.0011933649,"no":0.0011138072,"zxx":0.0009149131,"in":0.0008353554,"it":0.0007955766,"ht":0.0006762401,"tl":0.0006364613,"pt":0.0006364613,"ja":0.0006364613,"hu":0.0005966824,"sv":0.0005966824,"ca":0.0005569036,"fa":0.000477346,"pl":0.0004375671,"lt":0.0003580095,"tr":0.0003580095,"qam":0.0003182306,"ro":0.0002784518,"eu":0.0002784518,"art":0.000238673,"fi":0.000238673,"cy":0.0001988941,"lv":0.0001591153,"cs":0.0001591153,"hi":0.0001193365,"is":0.0001193365,"ar":0.0000795577,"vi":0.0000795577,"zh":0.0000397788,"ru":0.0000397788,"art-x-emoji":0.0000397788},"5":{"en":0.6530508965,"ja":0.0668016194,"vi":0.0606564488,"ar":0.0592105263,"qme":0.0581983806,"und":0.0260989011,"pt":0.0220503181,"in":0.0090370156,"tr":0.0058559861,"es":0.0055668016,"zh":0.0045546559,"qam":0.0043377675,"tl":0.0035425101,"fr":0.0026749566,"it":0.0022411799,"th":0.0018796992,"ht":0.0018796992,"et":0.001735107,"pl":0.0010121457,"de":0.0010121457,"ru":0.0010121457,"nl":0.0009398496,"ur":0.0008675535,"cy":0.0007952574,"ca":0.0007229612,"eu":0.0007229612,"hi":0.0005060729,"zxx":0.0005060729,"sv":0.0003614806,"da":0.0003614806,"no":0.0003614806,"fi":0.0002891845,"id":0.0001445922,"ro":0.0001445922,"lt":0.0001445922,"is":0.0001445922,"sl":0.0000722961,"lv":0.0000722961,"fa":0.0000722961,"iw":0.0000722961,"hu":0.0000722961,"uk":0.0000722961,"zh-CN":0.0000722961,"qst":0.0000722961},"6":{"nl":0.7557737308,"fr":0.1130837318,"qme":0.0647064808,"en":0.0427306949,"und":0.00406959,"de":0.002848713,"zxx":0.0018313155,"es":0.0017295757,"in":0.0017295757,"et":0.001627836,"da":0.0014243565,"pt":0.0011700071,"ht":0.0011191372,"no":0.0008647879,"ca":0.0008647879,"tl":0.0005595686,"qam":0.0004578289,"sv":0.000406959,"it":0.000406959,"ro":0.0003052192,"cs":0.0002543494,"lt":0.0002543494,"tr":0.0002543494,"eu":0.0002034795,"pl":0.0002034795,"fa":0.0002034795,"ru":0.0001526096,"hu":0.0001017397,"art":0.0001017397,"qst":0.0001017397,"lv":0.0001017397,"sl":0.0000508699,"zh":0.0000508699,"cy":0.0000508699,"is":0.0000508699,"fi":0.0000508699,"vi":0.0000508699,"hi":0.0000508699},"7":{"nl":0.80403986,"qme":0.0712631295,"en":0.0503635874,"fr":0.0490708322,"und":0.0045246431,"de":0.0039321304,"es":0.0022084568,"et":0.0015620792,"da":0.0015082144,"in":0.0014004848,"zxx":0.0011311608,"no":0.001077296,"ht":0.0010234312,"tr":0.0006463776,"sv":0.0005925128,"tl":0.0005925128,"pl":0.000538648,"qam":0.000538648,"it":0.000538648,"ca":0.0004309184,"pt":0.0003770536,"hu":0.0003770536,"lt":0.0003770536,"lv":0.0003231888,"fi":0.000269324,"eu":0.000269324,"ro":0.0002154592,"cy":0.0001615944,"qht":0.0001077296,"cs":0.0001077296,"is":0.0001077296,"iw":0.0001077296,"art":0.0000538648,"hi":0.0000538648,"sl":0.0000538648,"qst":0.0000538648},"8":{"nl":0.8639493037,"qme":0.0619621343,"en":0.0370833985,"fr":0.0125176029,"de":0.004381161,"und":0.0035205758,"es":0.0027382256,"da":0.0019558754,"in":0.0017211704,"zxx":0.0014082303,"ht":0.0011735253,"no":0.0011735253,"et":0.0008605852,"tl":0.0008605852,"ca":0.0007041152,"it":0.0003911751,"fi":0.0003129401,"qam":0.0003129401,"pt":0.0003129401,"lt":0.0003129401,"art":0.0003129401,"tr":0.0003129401,"sv":0.0002347051,"lv":0.0002347051,"pl":0.0002347051,"cs":0.00015647,"ru":0.00015647,"hu":0.00015647,"sl":0.00015647,"eu":0.000078235,"vi":0.000078235,"ar":0.000078235,"ro":0.000078235,"hi":0.000078235},"9":{"en":0.6229793584,"qme":0.1350410346,"fr":0.1068142253,"nl":0.0780900274,"es":0.0109425516,"und":0.0079582193,"iw":0.0048495399,"de":0.0044764984,"qam":0.0033573738,"in":0.0033573738,"zxx":0.0028599851,"it":0.0027356379,"pt":0.0024869435,"ar":0.0018652077,"et":0.0016165133,"tr":0.0014921661,"tl":0.001367819,"ca":0.0008704302,"da":0.0008704302,"ht":0.0006217359,"zh":0.0006217359,"sv":0.0004973887,"ro":0.0004973887,"ru":0.0004973887,"cy":0.0004973887,"lt":0.0003730415,"no":0.0003730415,"uk":0.0002486944,"pl":0.0002486944,"cs":0.0002486944,"eu":0.0002486944,"hi":0.0001243472,"ja":0.0001243472,"qht":0.0001243472,"lv":0.0001243472,"hu":0.0001243472,"ur":0.0001243472,"is":0.0001243472,"fi":0.0001243472}}}